{"family":{"address":"742 Evergreen Terrace","daughters":{"daughter":[{"firstName":"Lisa","lastName":"Simpson","family":{"address":"742 Evergreen Terrace"}},{"firstName":"Maggie","lastName":"Simpson","family":{"address":"742 Evergreen Terrace"}}]},"parents":{"parent":[{"firstName":"Homer","lastName":"Simpson","family":{"address":"742 Evergreen Terrace"}},{"firstName":"Marge","lastName":"Bouvier","family":{"address":"742 Evergreen Terrace"}}]},"pets":{"race dog":{"breed":"Greyhound","name":"Santa's Little Helper"},"cat":{"breed":"Unknown","name":"Snowball II"}},"sons":{"son":{"firstName":"Bart","lastName":"Simpson","family":{"address":"742 Evergreen Terrace"}}}}}